{
  "project_info": {
    "project_number": "877353379733",
    "project_id": "b07-project-8d68d",
    "storage_bucket": "b07-project-8d68d.appspot.com"
  },
  "client": [
    {
      "client_info": {
        "mobilesdk_app_id": "1:877353379733:android:78bb94ee87f1e07b17b89c",
        "android_client_info": {
          "package_name": "com.example.b07project"
        }
      },
      "oauth_client": [
        {
          "client_id": "877353379733-d9qgq38tr79uk4aqkcp9ons5asshvina.apps.googleusercontent.com",
          "client_type": 3
        }
      ],
      "api_key": [
        {
          "current_key": "AIzaSyBNigBQnq3ZOg8tyiK2AimEzP7iEZy2WGo"
        }
      ],
      "services": {
        "appinvite_service": {
          "other_platform_oauth_client": [
            {
              "client_id": "877353379733-d9qgq38tr79uk4aqkcp9ons5asshvina.apps.googleusercontent.com",
              "client_type": 3
            }
          ]
        }
      }
    }
  ],
  "configuration_version": "1"
}